<?xml version="1.0" standalone="yes"?>
<?xml-stylesheet href="x2script.xsl" type="text/xsl"?>
<!-- Generated using X-Studio -->
<script>
	<name>plugin.zanzal.shipbrowser</name>
	<version>1</version>
	<engineversion>50</engineversion>
	<description></description>
	<arguments />
	<sourcetext>
		<line linenr="001" indent="">
			<comment>* ************************************************</comment>
		</line>
		<line linenr="002" indent="">
			<comment>* SCRIPT NAME: plugin.zanzal.shipbrowser.xml</comment>
		</line>
		<line linenr="003" indent="">
			<comment>* DESCRIPTION: Known ship comparison tool and aquisition </comment>
		</line>
		<line linenr="004" indent="">
			<comment>* checklist.</comment>
		</line>
		<line linenr="005" indent="">
			<comment>* </comment>
		</line>
		<line linenr="006" indent="">
			<comment>* AUTHOR: Zanzal          DATE: 10 January 2014</comment>
		</line>
		<line linenr="007" indent="">
			<comment>* ************************************************</comment>
		</line>
		<line linenr="008" indent="">
			<var>$x</var>
			<text> </text>
			<text>=</text>
			<text> </text>
			<var>0</var>
		</line>
		<line linenr="009" indent="">
			<text>while</text>
			<text> </text>
			<var>$x</var>
			<text> </text>
			<text>&lt;</text>
			<text> </text>
			<var>1000</var>
		</line>
		<line linenr="010" indent="&#160;">
			<text>if</text>
			<text> </text>
			<var>[PLAYERSHIP]</var>
			<text>-&gt;</text>
			<text> </text>
			<text>is</text>
			<text> </text>
			<text>task</text>
			<text> </text>
			<var>$x</var>
			<text> </text>
			<text>in</text>
			<text> </text>
			<text>use</text>
		</line>
		<line linenr="011" indent="&#160;&#160;">
			<text>if</text>
			<text> </text>
			<var>[PLAYERSHIP]</var>
			<text>-&gt;</text>
			<text> </text>
			<text>is</text>
			<text> </text>
			<text>script</text>
			<text> </text>
			<call>plugin.zanzal.shipbrowser.main</call>
			<text> </text>
			<text>on</text>
			<text> </text>
			<text>stack</text>
			<text> </text>
			<text>of</text>
			<text> </text>
			<text>task</text>
			<text>=</text>
			<var>$x</var>
		</line>
		<line linenr="012" indent="&#160;&#160;&#160;">
			<text>return</text>
			<text> </text>
			<var>null</var>
		</line>
		<line linenr="013" indent="&#160;&#160;">
			<text>end</text>
		</line>
		<line linenr="014" indent="&#160;">
			<text>end</text>
		</line>
		<line linenr="015" indent="&#160;">
			<text>inc</text>
			<text> </text>
			<var>$x</var>
		</line>
		<line linenr="016" indent="">
			<text>end</text>
		</line>
		<line linenr="017" indent="" />
		<line linenr="018" indent="">
			<var>$new.task</var>
			<text> </text>
			<text>=</text>
			<text> </text>
			<var>[PLAYERSHIP]</var>
			<text>-&gt;</text>
			<text> </text>
			<text>get</text>
			<text> </text>
			<text>next</text>
			<text> </text>
			<text>available</text>
			<text> </text>
			<text>task</text>
			<text>:</text>
			<text> </text>
			<text>starting</text>
			<text>=</text>
			<var>3</var>
		</line>
		<line linenr="019" indent="">
			<var>[PLAYERSHIP]</var>
			<text>-&gt;</text>
			<text> </text>
			<text>begin</text>
			<text> </text>
			<text>task</text>
			<text> </text>
			<var>$new.task</var>
			<text> </text>
			<text>with</text>
			<text> </text>
			<text>script</text>
			<text> </text>
			<call>plugin.zanzal.shipbrowser.main</call>
			<text> </text>
			<text>and</text>
			<text> </text>
			<text>priority</text>
			<text> </text>
			<var>100</var>
			<text>:</text>
			<text> </text>
			<text>arg1</text>
			<text>=</text>
			<var>null</var>
			<text> </text>
			<text>arg2</text>
			<text>=</text>
			<var>null</var>
			<text> </text>
			<text>arg3</text>
			<text>=</text>
			<var>null</var>
			<text> </text>
			<text>arg4</text>
			<text>=</text>
			<var>null</var>
			<text> </text>
			<text>arg5</text>
			<text>=</text>
			<var>null</var>
		</line>
		<line linenr="020" indent="" />
		<line linenr="021" indent="">
			<text>return</text>
			<text> </text>
			<var>null</var>
		</line>
	</sourcetext>
	<codearray>
		<sval type="array" size="10">
			<sval type="string" val="plugin.zanzal.shipbrowser" />
			<sval type="int" val="50" />
			<sval type="string" val="" />
			<sval type="int" val="1" />
			<sval type="int" val="0" />
			<sval type="array" size="2">
				<sval type="string" val="x" />
				<sval type="string" val="new.task" />
			</sval>
			<sval type="array" size="10">
				<sval type="array" size="7">
					<sval type="int" val="104" />
					<sval type="int" val="0" />
					<sval type="int" val="1" />
					<sval type="int" val="4" />
					<sval type="int" val="0" />
					<sval type="int" val="1" />
					<sval type="int" val="-1" />
				</sval>
				<sval type="array" size="13">
					<sval type="int" val="104" />
					<sval type="int" val="-1610610935" />
					<sval type="int" val="3" />
					<sval type="int" val="131074" />
					<sval type="int" val="0" />
					<sval type="int" val="4" />
					<sval type="int" val="1000" />
					<sval type="int" val="15" />
					<sval type="int" val="3" />
					<sval type="int" val="3" />
					<sval type="int" val="-1" />
					<sval type="int" val="3" />
					<sval type="int" val="-2" />
				</sval>
				<sval type="array" size="6">
					<sval type="int" val="1073" />
					<sval type="int" val="131075" />
					<sval type="int" val="3" />
					<sval type="int" val="-1610611453" />
					<sval type="int" val="131074" />
					<sval type="int" val="0" />
				</sval>
				<sval type="array" size="7">
					<sval type="int" val="1072" />
					<sval type="int" val="131075" />
					<sval type="int" val="3" />
					<sval type="int" val="-1610611453" />
					<sval type="string" val="plugin.zanzal.shipbrowser.main" />
					<sval type="int" val="131074" />
					<sval type="int" val="0" />
				</sval>
				<sval type="array" size="3">
					<sval type="int" val="103" />
					<sval type="int" val="0" />
					<sval type="int" val="0" />
				</sval>
				<sval type="array" size="2">
					<sval type="int" val="142" />
					<sval type="int" val="0" />
				</sval>
				<sval type="array" size="2">
					<sval type="int" val="112" />
					<sval type="int" val="1" />
				</sval>
				<sval type="array" size="6">
					<sval type="int" val="1462" />
					<sval type="int" val="131075" />
					<sval type="int" val="3" />
					<sval type="int" val="1" />
					<sval type="int" val="4" />
					<sval type="int" val="3" />
				</sval>
				<sval type="array" size="18">
					<sval type="int" val="1017" />
					<sval type="int" val="131075" />
					<sval type="int" val="3" />
					<sval type="string" val="plugin.zanzal.shipbrowser.main" />
					<sval type="int" val="131074" />
					<sval type="int" val="1" />
					<sval type="int" val="4" />
					<sval type="int" val="100" />
					<sval type="int" val="0" />
					<sval type="int" val="0" />
					<sval type="int" val="0" />
					<sval type="int" val="0" />
					<sval type="int" val="0" />
					<sval type="int" val="0" />
					<sval type="int" val="0" />
					<sval type="int" val="0" />
					<sval type="int" val="0" />
					<sval type="int" val="0" />
				</sval>
				<sval type="array" size="3">
					<sval type="int" val="103" />
					<sval type="int" val="0" />
					<sval type="int" val="0" />
				</sval>
			</sval>
			<sval type="int" val="0" />
			<sval type="array" size="12">
				<sval type="array" size="3">
					<sval type="int" val="0" />
					<sval type="int" val="1" />
					<sval type="string" val="************************************************" />
				</sval>
				<sval type="array" size="3">
					<sval type="int" val="0" />
					<sval type="int" val="1" />
					<sval type="string" val="SCRIPT NAME: plugin.zanzal.shipbrowser.xml" />
				</sval>
				<sval type="array" size="3">
					<sval type="int" val="0" />
					<sval type="int" val="1" />
					<sval type="string" val="DESCRIPTION: Known ship comparison tool and aquisition " />
				</sval>
				<sval type="array" size="3">
					<sval type="int" val="0" />
					<sval type="int" val="1" />
					<sval type="string" val="checklist." />
				</sval>
				<sval type="array" size="3">
					<sval type="int" val="0" />
					<sval type="int" val="1" />
					<sval type="string" val="" />
				</sval>
				<sval type="array" size="3">
					<sval type="int" val="0" />
					<sval type="int" val="1" />
					<sval type="string" val="AUTHOR: Zanzal          DATE: 10 January 2014" />
				</sval>
				<sval type="array" size="3">
					<sval type="int" val="0" />
					<sval type="int" val="1" />
					<sval type="string" val="************************************************" />
				</sval>
				<sval type="array" size="2">
					<sval type="int" val="5" />
					<sval type="int" val="4" />
				</sval>
				<sval type="array" size="2">
					<sval type="int" val="5" />
					<sval type="int" val="4" />
				</sval>
				<sval type="array" size="2">
					<sval type="int" val="7" />
					<sval type="int" val="4" />
				</sval>
				<sval type="array" size="2">
					<sval type="int" val="7" />
					<sval type="int" val="2" />
				</sval>
				<sval type="array" size="2">
					<sval type="int" val="9" />
					<sval type="int" val="2" />
				</sval>
			</sval>
			<sval type="int" val="0" />
		</sval>
	</codearray>
</script>
