<?xml version="1.0" standalone="yes"?>
<?xml-stylesheet href="x2script.xsl" type="text/xsl"?>
<!-- Generated using X-Studio -->
<script>
	<name>plugin.zanzal.shipbrowser.main</name>
	<version>1</version>
	<engineversion>50</engineversion>
	<description></description>
	<arguments />
	<sourcetext>
		<line linenr="001" indent="">
			<comment>* ************************************************</comment>
		</line>
		<line linenr="002" indent="">
			<comment>* SCRIPT NAME: Untitled</comment>
		</line>
		<line linenr="003" indent="">
			<comment>* DESCRIPTION: </comment>
		</line>
		<line linenr="004" indent="">
			<comment>* </comment>
		</line>
		<line linenr="005" indent="">
			<comment>* AUTHOR:           DATE: 10 January 2014</comment>
		</line>
		<line linenr="006" indent="">
			<comment>* ************************************************</comment>
		</line>
		<line linenr="007" indent="">
			<var>$pageid</var>
			<text> </text>
			<text>=</text>
			<text> </text>
			<var>8103</var>
		</line>
		<line linenr="008" indent="">
			<var>$menu</var>
			<text> </text>
			<text>=</text>
			<text> </text>
			<text>array</text>
			<text> </text>
			<text>alloc</text>
			<text>:</text>
			<text> </text>
			<text>size</text>
			<text>=</text>
			<var>0</var>
		</line>
		<line linenr="009" indent="">
			<var>$shipbrowser.title</var>
			<text> </text>
			<text>=</text>
			<text> </text>
			<text>read</text>
			<text> </text>
			<text>text</text>
			<text>:</text>
			<text> </text>
			<text>page</text>
			<text>=</text>
			<var>$pageid</var>
			<text> </text>
			<text>id</text>
			<text>=</text>
			<var>1</var>
		</line>
		<line linenr="010" indent="">
			<var>$new.task</var>
			<text> </text>
			<text>=</text>
			<text> </text>
			<var>[THIS]</var>
			<text>-&gt;</text>
			<text> </text>
			<text>get</text>
			<text> </text>
			<text>next</text>
			<text> </text>
			<text>available</text>
			<text> </text>
			<text>task</text>
			<text>:</text>
			<text> </text>
			<text>starting</text>
			<text>=</text>
			<var>3</var>
		</line>
		<line linenr="011" indent="">
			<var>$caller.task</var>
			<text> </text>
			<text>=</text>
			<text> </text>
			<text>get</text>
			<text> </text>
			<text>task</text>
			<text> </text>
			<text>ID</text>
		</line>
		<line linenr="012" indent="" />
		<line linenr="013" indent="">
			<var>[THIS]</var>
			<text>-&gt;</text>
			<text> </text>
			<text>begin</text>
			<text> </text>
			<text>task</text>
			<text> </text>
			<var>$new.task</var>
			<text> </text>
			<text>with</text>
			<text> </text>
			<text>script</text>
			<text> </text>
			<call>plugin.zanzal.shipbrowser.menu</call>
			<text> </text>
			<text>and</text>
			<text> </text>
			<text>priority</text>
			<text> </text>
			<var>100</var>
			<text>:</text>
			<text> </text>
			<text>arg1</text>
			<text>=</text>
			<var>$menu</var>
			<text> </text>
			<text>arg2</text>
			<text>=</text>
			<var>$caller.task</var>
			<text> </text>
			<text>arg3</text>
			<text>=</text>
			<var>[THIS]</var>
			<text> </text>
			<text>arg4</text>
			<text>=</text>
			<var>null</var>
			<text> </text>
			<text>arg5</text>
			<text>=</text>
			<var>null</var>
		</line>
		<line linenr="014" indent="" interruptable="@">
			<text>=</text>
			<text> </text>
			<text>wait</text>
			<text> </text>
			<var>10</var>
			<text> </text>
			<text>ms</text>
		</line>
		<line linenr="015" indent="">
			<var>$result</var>
			<text> </text>
			<text>=</text>
			<text> </text>
			<text>open</text>
			<text> </text>
			<text>custom</text>
			<text> </text>
			<text>info</text>
			<text> </text>
			<text>menu</text>
			<text>:</text>
			<text> </text>
			<text>title</text>
			<text>=</text>
			<var>$shipbrowser.title</var>
			<text> </text>
			<text>description</text>
			<text>=</text>
			<var>null</var>
			<text> </text>
			<text>option</text>
			<text> </text>
			<text>array</text>
			<text>=</text>
			<var>$menu</var>
			<text> </text>
			<text>maxoptions</text>
			<text>=</text>
			<var>null</var>
		</line>
		<line linenr="016" indent="" />
		<line linenr="017" indent="">
			<text>return</text>
			<text> </text>
			<var>null</var>
		</line>
	</sourcetext>
	<codearray>
		<sval type="array" size="10">
			<sval type="string" val="plugin.zanzal.shipbrowser.main" />
			<sval type="int" val="50" />
			<sval type="string" val="" />
			<sval type="int" val="1" />
			<sval type="int" val="0" />
			<sval type="array" size="6">
				<sval type="string" val="pageid" />
				<sval type="string" val="menu" />
				<sval type="string" val="shipbrowser.title" />
				<sval type="string" val="new.task" />
				<sval type="string" val="caller.task" />
				<sval type="string" val="result" />
			</sval>
			<sval type="array" size="9">
				<sval type="array" size="7">
					<sval type="int" val="104" />
					<sval type="int" val="0" />
					<sval type="int" val="1" />
					<sval type="int" val="4" />
					<sval type="int" val="8103" />
					<sval type="int" val="1" />
					<sval type="int" val="-1" />
				</sval>
				<sval type="array" size="4">
					<sval type="int" val="128" />
					<sval type="int" val="1" />
					<sval type="int" val="4" />
					<sval type="int" val="0" />
				</sval>
				<sval type="array" size="6">
					<sval type="int" val="126" />
					<sval type="int" val="2" />
					<sval type="int" val="131074" />
					<sval type="int" val="0" />
					<sval type="int" val="4" />
					<sval type="int" val="1" />
				</sval>
				<sval type="array" size="6">
					<sval type="int" val="1462" />
					<sval type="int" val="131075" />
					<sval type="int" val="1" />
					<sval type="int" val="3" />
					<sval type="int" val="4" />
					<sval type="int" val="3" />
				</sval>
				<sval type="array" size="2">
					<sval type="int" val="147" />
					<sval type="int" val="4" />
				</sval>
				<sval type="array" size="18">
					<sval type="int" val="1017" />
					<sval type="int" val="131075" />
					<sval type="int" val="1" />
					<sval type="string" val="plugin.zanzal.shipbrowser.menu" />
					<sval type="int" val="131074" />
					<sval type="int" val="3" />
					<sval type="int" val="4" />
					<sval type="int" val="100" />
					<sval type="int" val="131074" />
					<sval type="int" val="1" />
					<sval type="int" val="131074" />
					<sval type="int" val="4" />
					<sval type="int" val="131075" />
					<sval type="int" val="1" />
					<sval type="int" val="0" />
					<sval type="int" val="0" />
					<sval type="int" val="0" />
					<sval type="int" val="0" />
				</sval>
				<sval type="array" size="4">
					<sval type="int" val="105" />
					<sval type="int" val="-2147483647" />
					<sval type="int" val="4" />
					<sval type="int" val="10" />
				</sval>
				<sval type="array" size="10">
					<sval type="int" val="1489" />
					<sval type="int" val="5" />
					<sval type="int" val="131074" />
					<sval type="int" val="2" />
					<sval type="int" val="0" />
					<sval type="int" val="0" />
					<sval type="int" val="131074" />
					<sval type="int" val="1" />
					<sval type="int" val="0" />
					<sval type="int" val="0" />
				</sval>
				<sval type="array" size="3">
					<sval type="int" val="103" />
					<sval type="int" val="0" />
					<sval type="int" val="0" />
				</sval>
			</sval>
			<sval type="int" val="0" />
			<sval type="array" size="8">
				<sval type="array" size="3">
					<sval type="int" val="0" />
					<sval type="int" val="1" />
					<sval type="string" val="************************************************" />
				</sval>
				<sval type="array" size="3">
					<sval type="int" val="0" />
					<sval type="int" val="1" />
					<sval type="string" val="SCRIPT NAME: Untitled" />
				</sval>
				<sval type="array" size="3">
					<sval type="int" val="0" />
					<sval type="int" val="1" />
					<sval type="string" val="DESCRIPTION: " />
				</sval>
				<sval type="array" size="3">
					<sval type="int" val="0" />
					<sval type="int" val="1" />
					<sval type="string" val="" />
				</sval>
				<sval type="array" size="3">
					<sval type="int" val="0" />
					<sval type="int" val="1" />
					<sval type="string" val="AUTHOR:           DATE: 10 January 2014" />
				</sval>
				<sval type="array" size="3">
					<sval type="int" val="0" />
					<sval type="int" val="1" />
					<sval type="string" val="************************************************" />
				</sval>
				<sval type="array" size="2">
					<sval type="int" val="5" />
					<sval type="int" val="2" />
				</sval>
				<sval type="array" size="2">
					<sval type="int" val="8" />
					<sval type="int" val="2" />
				</sval>
			</sval>
			<sval type="int" val="0" />
		</sval>
	</codearray>
</script>
